CHR,START,END,SSRs,SSRs_variants,PI,min_call_rate
CHR2,75,297,"{'AAACCAA': [2], 'CCCTAAA': [3]}","{'CHR2:136-145': {'CCTAAGC': [2]}, 'CHR2:227-236': {'AAACCTG': [3, 2]}}",4.80125786163522,1.0
CHR2,74,297,"{'AAACCAA': [2], 'CCCTAAA': [3]}","{'CHR2:136-145': {'CCTAAGC': [2]}, 'CHR2:227-236': {'AAACCTG': [3, 2]}}",4.80125786163522,1.0
CHR2,203,413,"{'AT': [11], 'AGA': [6], 'GAA': [4]}","{'CHR2:227-236': {'AAACCTG': [3, 2]}}",1.364420485175202,1.0
CHR2,203,412,"{'AT': [11], 'AGA': [6], 'GAA': [4]}","{'CHR2:227-236': {'AAACCTG': [3, 2]}}",1.364420485175202,1.0
CHR1,159,414,"{'CA': [30, 24, 21, 12], 'AT': [24], 'TAT': [4], 'TTG': [3], 'TGG': [3]}",{},0.14519317160826595,1.0
CHR1,159,415,"{'CA': [30, 24, 21, 12], 'AT': [24], 'TAT': [4], 'TTG': [3], 'TGG': [3]}",{},0.14519317160826595,1.0
CHR2,203,456,"{'AT': [12], 'AGA': [8], 'GAA': [7], 'CCT': [2], 'GGA': [3], 'AGTG': [2], 'AAG': [3]}","{'CHR2:227-236': {'AAACCTG': [3, 2]}}",1.4017969451931713,1.0
CHR2,203,456,"{'AT': [12], 'AGA': [8], 'GAA': [7], 'CCT': [2], 'GGA': [3], 'AGTG': [2], 'AAG': [3]}","{'CHR2:227-236': {'AAACCTG': [3, 2]}}",1.4017969451931713,1.0
CHR2,273,563,"{'AT': [22], 'AGA': [14, 5], 'GAA': [17], 'CCT': [2], 'GGA': [8], 'AGTG': [6], 'AAG': [14], 'ATAA': [2], 'GTGA': [5], 'AGGA': [2], 'GAT': [4, 2], 'GGT': [2], 'GA': [2]}",{},0.9462713387241688,1.0
CHR2,277,563,"{'AT': [22], 'AGA': [14, 5], 'GAA': [17], 'CCT': [2], 'GGA': [8], 'AGTG': [6], 'AAG': [14], 'ATAA': [2], 'GTGA': [5], 'AGGA': [2], 'GAT': [4, 2], 'GGT': [2], 'GA': [2]}",{},0.9462713387241688,1.0
CHR1,333,633,"{'TTG': [10], 'TGG': [8], 'CT': [26], 'CACTC': [2], 'TC': [17], 'GA': [12], 'TCT': [3], 'TGT': [3]}",{},1.123989218328841,1.0
CHR1,337,633,"{'TGG': [8], 'CT': [26], 'CACTC': [2], 'TC': [17], 'GA': [12], 'TCT': [3], 'TGT': [3]}",{},1.123989218328841,1.0
CHR1,333,633,"{'TTG': [10], 'TGG': [8], 'CT': [26], 'CACTC': [2], 'TC': [17], 'GA': [12], 'TCT': [3], 'TGT': [3]}",{},1.123989218328841,1.0
CHR1,337,633,"{'TGG': [8], 'CT': [26], 'CACTC': [2], 'TC': [17], 'GA': [12], 'TCT': [3], 'TGT': [3]}",{},1.123989218328841,1.0
CHR2,391,688,"{'CCT': [3], 'GGA': [9], 'AGTG': [6], 'AAG': [16], 'AGA': [7], 'ATAA': [3], 'GTGA': [5], 'AGGA': [2], 'GAT': [7, 5], 'GGT': [5], 'GA': [9], 'AG': [10], 'TAG': [4], 'ATG': [4], 'AC': [6], 'CG': [4], 'CATC': [2]}",{},1.7236298292902066,1.0
CHR2,391,682,"{'CCT': [3], 'GGA': [9], 'AGTG': [6], 'AAG': [15], 'AGA': [7], 'ATAA': [3], 'GTGA': [5], 'AGGA': [2], 'GAT': [7, 5], 'GGT': [5], 'GA': [9], 'AG': [9], 'TAG': [4], 'ATG': [4], 'AC': [6], 'CG': [4], 'CATC': [2]}",{},1.7236298292902066,1.0
CHR2,512,795,"{'GAT': [8, 6], 'GGT': [6], 'GA': [15], 'AG': [15], 'TAG': [4], 'ATG': [14, 9], 'AC': [9], 'CG': [4], 'CATC': [2], 'GT': [2]}",{},2.228571428571428,1.0
CHR2,503,795,"{'AGGA': [2], 'GAT': [8, 6], 'GGT': [6], 'GA': [15], 'AG': [15], 'TAG': [4], 'ATG': [14, 9], 'AC': [9], 'CG': [4], 'CATC': [2], 'GT': [2]}",{},2.228571428571428,1.0
CHR2,512,795,"{'GAT': [8, 6], 'GGT': [6], 'GA': [15], 'AG': [15], 'TAG': [4], 'ATG': [14, 9], 'AC': [9], 'CG': [4], 'CATC': [2], 'GT': [2]}",{},2.228571428571428,1.0
CHR2,503,795,"{'AGGA': [2], 'GAT': [8, 6], 'GGT': [6], 'GA': [15], 'AG': [15], 'TAG': [4], 'ATG': [14, 9], 'AC': [9], 'CG': [4], 'CATC': [2], 'GT': [2]}",{},2.228571428571428,1.0
CHR2,503,795,"{'AGGA': [2], 'GAT': [8, 6], 'GGT': [6], 'GA': [15], 'AG': [15], 'TAG': [4], 'ATG': [14, 9], 'AC': [9], 'CG': [4], 'CATC': [2], 'GT': [2]}",{},2.228571428571428,1.0
CHR2,512,795,"{'GAT': [8, 6], 'GGT': [6], 'GA': [15], 'AG': [15], 'TAG': [4], 'ATG': [14, 9], 'AC': [9], 'CG': [4], 'CATC': [2], 'GT': [2]}",{},2.228571428571428,1.0
CHR2,614,898,"{'CG': [6], 'CATC': [2], 'ATG': [12], 'GT': [9], 'TA': [10, 8], 'AT': [9]}",{},2.2659478885893978,1.0
CHR2,614,899,"{'CG': [6], 'CATC': [2], 'ATG': [12], 'GT': [9], 'TA': [10, 8], 'AT': [9]}",{},2.2659478885893978,1.0
CHR2,541,840,"{'GGT': [7], 'GAT': [6], 'GA': [16], 'AG': [17], 'TAG': [4], 'ATG': [15, 10], 'AC': [10], 'CG': [6], 'CATC': [2], 'GT': [6], 'TA': [7, 5], 'AT': [3]}",{},2.2810422282120393,1.0
CHR2,543,840,"{'TGG': [8], 'TGA': [10], 'AG': [16], 'TAG': [4], 'ATG': [15, 10], 'AC': [10], 'CG': [6], 'CATC': [2], 'GT': [6], 'TA': [7, 5], 'AT': [3]}",{},2.2810422282120393,1.0
CHR2,662,930,"{'ATG': [12], 'GT': [13, 5], 'TA': [12, 10], 'AT': [11], 'ATT': [2], 'TG': [4], 'CA': [2]}",{},1.4303683737646002,1.0
CHR2,614,898,"{'CG': [6], 'CATC': [2], 'ATG': [12], 'GT': [9], 'TA': [10, 8], 'AT': [9]}",{},2.2659478885893978,1.0
CHR2,614,899,"{'CG': [6], 'CATC': [2], 'ATG': [12], 'GT': [9], 'TA': [10, 8], 'AT': [9]}",{},2.2659478885893978,1.0
CHR2,661,930,"{'ATG': [12], 'GT': [13, 5], 'TA': [12, 10], 'AT': [11], 'ATT': [2], 'TG': [4], 'CA': [2]}",{},1.4303683737646002,1.0
CHR1,693,943,"{'AGA': [7], 'CTT': [4], 'ATA': [5], 'ACT': [4], 'CT': [8], 'AAC': [2], 'TA': [6], 'AC': [2], 'GT': [2], 'CTGC': [2]}",{},0.31572327044025156,1.0
CHR1,692,943,"{'AAG': [8], 'CTT': [4], 'ATA': [5], 'ACT': [4], 'CT': [8], 'AAC': [2], 'TA': [6], 'AC': [2], 'GT': [2], 'CTGC': [2]}",{},0.31572327044025156,1.0
CHR1,692,943,"{'AAG': [8], 'CTT': [4], 'ATA': [5], 'ACT': [4], 'CT': [8], 'AAC': [2], 'TA': [6], 'AC': [2], 'GT': [2], 'CTGC': [2]}",{},0.31572327044025156,1.0
CHR1,693,943,"{'AGA': [7], 'CTT': [4], 'ATA': [5], 'ACT': [4], 'CT': [8], 'AAC': [2], 'TA': [6], 'AC': [2], 'GT': [2], 'CTGC': [2]}",{},0.31572327044025156,1.0
CHR2,771,1034,"{'GT': [17, 9], 'TA': [16, 14], 'AT': [20], 'ATT': [10], 'TG': [14], 'CA': [6], 'GA': [12], 'GATT': [4]}",{},1.4677448337825698,1.0
CHR2,738,1034,"{'GT': [17, 9], 'TA': [16, 14], 'AT': [20], 'ATT': [10], 'TG': [14], 'CA': [6], 'GA': [12], 'GATT': [4]}",{},1.8855345911949684,1.0
CHR2,738,1034,"{'GT': [17, 9], 'TA': [16, 14], 'AT': [20], 'ATT': [10], 'TG': [14], 'CA': [6], 'GA': [12], 'GATT': [4]}",{},1.8855345911949684,1.0
CHR2,770,1034,"{'GT': [17, 9], 'TA': [16, 14], 'AT': [20], 'ATT': [10], 'TG': [14], 'CA': [6], 'GA': [12], 'GATT': [4]}",{},1.4677448337825698,1.0
CHR1,805,1102,"{'ACT': [7], 'CT': [15], 'AAC': [4], 'TA': [21, 14], 'AC': [10], 'GT': [12], 'CTGC': [2], 'AG': [13], 'AAG': [6], 'ACC': [2], 'TG': [7, 5]}",{},1.2093441150044923,1.0
CHR1,805,1102,"{'ACT': [7], 'CT': [15], 'AAC': [4], 'TA': [21, 14], 'AC': [10], 'GT': [12], 'CTGC': [2], 'AG': [13], 'AAG': [6], 'ACC': [2], 'TG': [7, 5]}",{},1.2093441150044923,1.0
CHR1,805,1102,"{'ACT': [7], 'CT': [15], 'AAC': [4], 'TA': [21, 14], 'AC': [10], 'GT': [12], 'CTGC': [2], 'AG': [13], 'AAG': [6], 'ACC': [2], 'TG': [7, 5]}",{},1.2093441150044923,1.0
CHR1,870,1102,"{'AAC': [4], 'TA': [21, 14], 'AC': [10], 'GT': [12], 'CTGC': [2], 'AG': [13], 'AAG': [6], 'ACC': [2], 'TG': [7, 5]}",{},1.1345911949685534,1.0
CHR1,805,1102,"{'ACT': [7], 'CT': [15], 'AAC': [4], 'TA': [21, 14], 'AC': [10], 'GT': [12], 'CTGC': [2], 'AG': [13], 'AAG': [6], 'ACC': [2], 'TG': [7, 5]}",{},1.2093441150044923,1.0
CHR1,869,1102,"{'AAC': [4], 'TA': [21, 14], 'AC': [10], 'GT': [12], 'CTGC': [2], 'AG': [13], 'AAG': [6], 'ACC': [2], 'TG': [7, 5]}",{},1.1345911949685534,1.0
CHR1,870,1170,"{'AAC': [6], 'TA': [24, 17], 'AC': [14], 'GT': [19], 'CTGC': [2], 'AG': [18], 'AAG': [8], 'ACC': [3], 'TG': [15, 13, 6], 'CA': [6], 'GA': [4]}",{},1.190116801437556,1.0
CHR1,870,1170,"{'AAC': [6], 'TA': [24, 17], 'AC': [14], 'GT': [19], 'CTGC': [2], 'AG': [18], 'AAG': [8], 'ACC': [3], 'TG': [15, 13, 6], 'CA': [6], 'GA': [4]}",{},1.190116801437556,1.0
CHR2,958,1232,"{'GATT': [6], 'CAT': [5], 'TTG': [9], 'AG': [12], 'TC': [9], 'TGT': [5], 'GTT': [5], 'GA': [4], 'TG': [3], 'AT': [8], 'TA': [4]}",{},1.9408805031446537,1.0
CHR2,958,1232,"{'GATT': [6], 'CAT': [5], 'TTG': [9], 'AG': [12], 'TC': [9], 'TGT': [5], 'GTT': [5], 'GA': [4], 'TG': [3], 'AT': [8], 'TA': [4]}",{},1.9408805031446537,1.0
CHR1,922,1217,"{'GT': [19], 'CTGC': [3], 'AG': [20], 'TA': [22], 'AAG': [10, 2], 'ACC': [3], 'TG': [17, 15, 8], 'CA': [10, 3], 'GA': [5], 'AT': [4], 'CT': [6, 3], 'TGC': [2]}",{},1.1527403414195865,1.0
CHR1,922,1217,"{'GT': [19], 'CTGC': [3], 'AG': [20], 'TA': [22], 'AAG': [10, 2], 'ACC': [3], 'TG': [17, 15, 8], 'CA': [10, 3], 'GA': [5], 'AT': [4], 'CT': [6, 3], 'TGC': [2]}",{},1.1527403414195865,1.0
CHR1,923,1217,"{'GT': [19], 'CTGC': [3], 'AG': [20], 'TA': [22], 'AAG': [10, 2], 'ACC': [3], 'TG': [17, 15, 8], 'CA': [10, 3], 'GA': [5], 'AT': [4], 'CT': [6, 3], 'TGC': [2]}",{},1.1527403414195865,1.0
CHR1,923,1217,"{'GT': [19], 'CTGC': [3], 'AG': [20], 'TA': [22], 'AAG': [10, 2], 'ACC': [3], 'TG': [17, 15, 8], 'CA': [10, 3], 'GA': [5], 'AT': [4], 'CT': [6, 3], 'TGC': [2]}",{},1.1527403414195865,1.0
CHR2,958,1232,"{'GATT': [6], 'CAT': [5], 'TTG': [9], 'AG': [12], 'TC': [9], 'TGT': [5], 'GTT': [5], 'GA': [4], 'TG': [3], 'AT': [8], 'TA': [4]}",{},1.9408805031446537,1.0
CHR2,958,1232,"{'GATT': [6], 'CAT': [5], 'TTG': [9], 'AG': [12], 'TC': [9], 'TGT': [5], 'GTT': [5], 'GA': [4], 'TG': [3], 'AT': [8], 'TA': [4]}",{},1.9408805031446537,1.0
CHR1,1030,1284,"{'ACC': [5], 'TG': [22, 20, 13], 'CA': [13, 6], 'GA': [7], 'AT': [6], 'AAG': [2], 'CT': [18, 15], 'TGC': [5], 'CTT': [4]}",{},1.101527403414196,1.0
CHR1,1030,1281,"{'ACC': [5], 'TG': [22, 20, 13], 'CA': [13, 6], 'GA': [7], 'AT': [6], 'AAG': [2], 'CT': [17, 14], 'TGC': [5], 'CTT': [4]}",{},1.101527403414196,1.0
CHR2,1124,1373,"{'GA': [5], 'TG': [8], 'AT': [25, 12], 'TA': [21, 18, 8], 'TAAT': [4], 'CCA': [6], 'TC': [9, 3], 'CT': [6, 2]}",{},3.158131176999101,1.0
CHR2,1128,1373,"{'GA': [5], 'TG': [8], 'AT': [25, 12], 'TA': [21, 18, 8], 'TAAT': [4], 'CCA': [6], 'TC': [9, 3], 'CT': [6, 2]}",{},3.158131176999101,1.0
CHR2,1124,1373,"{'GA': [5], 'TG': [8], 'AT': [25, 12], 'TA': [21, 18, 8], 'TAAT': [4], 'CCA': [6], 'TC': [9, 3], 'CT': [6, 2]}",{},3.158131176999101,1.0
CHR2,1128,1373,"{'GA': [5], 'TG': [8], 'AT': [25, 12], 'TA': [21, 18, 8], 'TAAT': [4], 'CCA': [6], 'TC': [9, 3], 'CT': [6, 2]}",{},3.158131176999101,1.0
CHR1,1148,1446,"{'AT': [16], 'CA': [20, 10], 'AAG': [4], 'CT': [40, 37, 18, 3], 'TGC': [8], 'CTT': [12], 'CTC': [8], 'AAC': [6], 'AC': [7], 'TC': [9]}",{},0.5701707097933513,1.0
CHR1,1148,1446,"{'AT': [16], 'CA': [20, 10], 'AAG': [4], 'CT': [40, 37, 18, 3], 'TGC': [8], 'CTT': [12], 'CTC': [8], 'AAC': [6], 'AC': [7], 'TC': [9]}",{},0.5701707097933513,1.0
CHR1,1150,1446,"{'AT': [16], 'CA': [20, 10], 'AAG': [4], 'CT': [40, 37, 18, 3], 'TGC': [8], 'CTT': [12], 'CTC': [8], 'AAC': [6], 'AC': [7], 'TC': [9]}",{},0.5701707097933513,1.0
CHR1,1150,1446,"{'AT': [16], 'CA': [20, 10], 'AAG': [4], 'CT': [40, 37, 18, 3], 'TGC': [8], 'CTT': [12], 'CTC': [8], 'AAC': [6], 'AC': [7], 'TC': [9]}",{},0.5701707097933513,1.0
CHR1,1192,1485,"{'CT': [44, 41, 22, 7], 'TGC': [9], 'CTT': [12], 'CTC': [8], 'AAC': [7], 'CA': [16], 'AC': [12], 'TC': [12]}",{},0.5520215633423181,1.0
CHR1,1192,1484,"{'CT': [43, 40, 21, 6], 'TGC': [9], 'CTT': [12], 'CTC': [8], 'AAC': [7], 'CA': [16], 'AC': [12], 'TC': [12]}",{},0.5520215633423181,1.0
CHR2,1351,1608,"{'TC': [17, 11, 5], 'CT': [12, 8], 'GT': [16, 12, 8], 'CCA': [7], 'AT': [21, 6], 'TTTTA': [4], 'TA': [15, 10], 'GA': [11, 7], 'GTTTT': [2]}",{'CHR2:1392-1400': {'CCA': [3]}},1.6612047252155553,0.5849056603773585
CHR2,1351,1609,"{'TC': [17, 11, 5], 'CT': [12, 8], 'GT': [16, 12, 8], 'CCA': [8], 'AT': [21, 6], 'TTTTA': [4], 'TA': [15, 10], 'GA': [11, 7], 'GTTTT': [2]}",{'CHR2:1392-1400': {'CCA': [3]}},1.6612047252155553,0.5849056603773585
CHR2,1351,1609,"{'TC': [17, 11, 5], 'CT': [12, 8], 'GT': [16, 12, 8], 'CCA': [8], 'AT': [21, 6], 'TTTTA': [4], 'TA': [15, 10], 'GA': [11, 7], 'GTTTT': [2]}",{'CHR2:1392-1400': {'CCA': [3]}},1.6612047252155553,0.5849056603773585
CHR2,1351,1608,"{'TC': [17, 11, 5], 'CT': [12, 8], 'GT': [16, 12, 8], 'CCA': [7], 'AT': [21, 6], 'TTTTA': [4], 'TA': [15, 10], 'GA': [11, 7], 'GTTTT': [2]}",{'CHR2:1392-1400': {'CCA': [3]}},1.6612047252155553,0.5849056603773585
CHR1,1334,1633,"{'TC': [26, 7], 'CT': [18, 8, 2], 'GA': [7], 'CA': [6], 'GTT': [2], 'GT': [2]}",{},0.8008984725965859,1.0
CHR1,1334,1633,"{'TC': [26, 7], 'CT': [18, 8, 2], 'GA': [7], 'CA': [6], 'GTT': [2], 'GT': [2]}",{},0.8008984725965859,1.0
CHR1,1334,1633,"{'TC': [26, 7], 'CT': [18, 8, 2], 'GA': [7], 'CA': [6], 'GTT': [2], 'GT': [2]}",{},0.8008984725965859,1.0
CHR1,1334,1633,"{'TC': [26, 7], 'CT': [18, 8, 2], 'GA': [7], 'CA': [6], 'GTT': [2], 'GT': [2]}",{},0.8008984725965859,1.0
CHR1,1422,1718,"{'CT': [26, 16, 10, 4], 'GA': [11], 'TC': [15, 3], 'CA': [15], 'GTT': [5], 'GT': [5], 'AGC': [6], 'TGC': [3], 'AGCCTCAGC': [2]}",{},1.189038634321653,1.0
CHR1,1423,1718,"{'CT': [26, 16, 10, 4], 'GA': [11], 'TC': [15, 3], 'CA': [15], 'GTT': [5], 'GT': [5], 'AGC': [6], 'TGC': [3], 'AGCCTCAGC': [2]}",{},1.189038634321653,1.0
CHR2,1467,1689,"{'GT': [19, 15, 2], 'GA': [16, 12], 'TA': [16], 'GTTTT': [3], 'AT': [14]}",{},1.047556391332999,0.5849056603773585
CHR2,1467,1689,"{'GT': [19, 15, 2], 'GA': [16, 12], 'TA': [16], 'GTTTT': [3], 'AT': [14]}",{},1.047556391332999,0.5849056603773585
CHR2,1593,1839,"{'GT': [12, 10], 'CATT': [3], 'GA': [2]}",{},1.8009069221821332,0.8301886792452831
CHR2,1593,1838,"{'GT': [12, 10], 'CATT': [3], 'GA': [2]}",{},1.8009069221821332,0.8301886792452831
CHR1,1581,1880,"{'TC': [26, 14], 'CA': [31, 5], 'CT': [20, 14], 'GTT': [6], 'GT': [12, 6], 'AGC': [8], 'TGC': [6], 'AGCCTCAGC': [2], 'TTC': [3], 'TG': [6], 'AAC': [2], 'AAT': [3]}",{},1.023539982030548,1.0
CHR1,1581,1880,"{'TC': [26, 14], 'CA': [31, 5], 'CT': [20, 14], 'GTT': [6], 'GT': [12, 6], 'AGC': [8], 'TGC': [6], 'AGCCTCAGC': [2], 'TTC': [3], 'TG': [6], 'AAC': [2], 'AAT': [3]}",{},1.023539982030548,1.0
CHR1,1580,1880,"{'TC': [26, 14], 'CA': [31, 5], 'CT': [20, 14], 'GTT': [6], 'GT': [12, 6], 'AGC': [8], 'TGC': [6], 'AGCCTCAGC': [2], 'TTC': [3], 'TG': [6], 'AAC': [2], 'AAT': [3]}",{},1.023539982030548,1.0
CHR1,1580,1880,"{'TC': [26, 14], 'CA': [31, 5], 'CT': [20, 14], 'GTT': [6], 'GT': [12, 6], 'AGC': [8], 'TGC': [6], 'AGCCTCAGC': [2], 'TTC': [3], 'TG': [6], 'AAC': [2], 'AAT': [3]}",{},1.023539982030548,1.0
CHR2,1593,1885,"{'GT': [17, 15], 'CATT': [4], 'GA': [2], 'TTCTT': [2]}",{},1.819774846710435,0.8301886792452831
CHR2,1593,1884,"{'GT': [17, 15], 'CATT': [4], 'GA': [2], 'TTCTT': [2]}",{},1.819774846710435,0.8301886792452831
CHR2,1593,1885,"{'GT': [17, 15], 'CATT': [4], 'GA': [2], 'TTCTT': [2]}",{},1.819774846710435,0.8301886792452831
CHR2,1593,1884,"{'GT': [17, 15], 'CATT': [4], 'GA': [2], 'TTCTT': [2]}",{},1.819774846710435,0.8301886792452831
CHR1,1761,2061,"{'GT': [12], 'TG': [13], 'AAC': [7], 'AAT': [9], 'CA': [25], 'AC': [17, 14, 8], 'AT': [16], 'AAG': [6], 'ATG': [2], 'TC': [6]}",{},0.4814016172506739,1.0
CHR1,1762,2061,"{'GT': [12], 'TG': [13], 'AAC': [7], 'AAT': [9], 'CA': [25], 'AC': [17, 14, 8], 'AT': [16], 'AAG': [6], 'ATG': [2], 'TC': [6]}",{},0.4814016172506739,1.0
CHR1,1761,2061,"{'GT': [12], 'TG': [13], 'AAC': [7], 'AAT': [9], 'CA': [25], 'AC': [17, 14, 8], 'AT': [16], 'AAG': [6], 'ATG': [2], 'TC': [6]}",{},0.4814016172506739,1.0
CHR1,1762,2061,"{'GT': [12], 'TG': [13], 'AAC': [7], 'AAT': [9], 'CA': [25], 'AC': [17, 14, 8], 'AT': [16], 'AAG': [6], 'ATG': [2], 'TC': [6]}",{},0.4814016172506739,1.0
CHR2,1819,2082,"{'TTCTT': [2], 'AGTCAT': [2], 'TCG': [4], 'TCC': [7], 'TC': [15], 'CT': [6], 'GAA': [4], 'TA': [2], 'GGT': [2]}",{},0.03773584905660377,1.0
CHR2,1818,2082,"{'TTCTT': [2], 'AGTCAT': [2], 'TCG': [4], 'TCC': [7], 'TC': [15], 'CT': [6], 'GAA': [4], 'TA': [2], 'GGT': [2]}",{},0.03773584905660377,1.0
CHR1,1860,2127,"{'AC': [24, 21, 15], 'AT': [17], 'AAG': [9], 'ATG': [2], 'TC': [9], 'ACCC': [3], 'AAC': [2]}",{},1.045822102425876,1.0
CHR1,1860,2127,"{'AC': [24, 21, 15], 'AT': [17], 'AAG': [9], 'ATG': [2], 'TC': [9], 'ACCC': [3], 'AAC': [2]}",{},1.045822102425876,1.0
CHR1,1860,2128,"{'AC': [24, 21, 15], 'AT': [17], 'AAG': [9], 'ATG': [2], 'TC': [9], 'ACCC': [3], 'AAC': [2]}",{},1.045822102425876,1.0
CHR1,1860,2128,"{'AC': [24, 21, 15], 'AT': [17], 'AAG': [9], 'ATG': [2], 'TC': [9], 'ACCC': [3], 'AAC': [2]}",{},1.045822102425876,1.0
CHR1,2015,2292,"{'ACCC': [3], 'AAC': [6], 'CG': [8], 'CT': [13, 6, 4], 'TGG': [5]}",{},2.5976639712488767,1.0
CHR1,2015,2283,"{'ACCC': [3], 'AAC': [6], 'CG': [7], 'CT': [12, 5, 3], 'TGG': [5]}",{},2.5976639712488767,1.0
CHR2,2032,2329,"{'GAA': [8], 'TA': [18, 7], 'GGT': [6], 'AGAA': [3], 'GTT': [6], 'TG': [21], 'CTG': [6, 3], 'TCT': [3], 'AGA': [2], 'CA': [7], 'AT': [7]}",{},0.4443845462713387,1.0
CHR2,2031,2329,"{'AGA': [6, 2], 'TA': [18, 7], 'GGT': [6], 'AGAA': [3], 'GTT': [6], 'TG': [21], 'CTG': [6, 3], 'TCT': [3], 'CA': [7], 'AT': [7]}",{},0.4443845462713387,1.0
CHR1,2041,2292,"{'ACCC': [3], 'AAC': [6], 'CG': [8], 'CT': [13, 6, 4], 'TGG': [5]}",{},2.560287511230908,1.0
CHR1,2044,2292,"{'ACCC': [3], 'AAC': [6], 'CG': [8], 'CT': [13, 6, 4], 'TGG': [5]}",{},2.560287511230908,1.0
CHR1,2015,2292,"{'ACCC': [3], 'AAC': [6], 'CG': [8], 'CT': [13, 6, 4], 'TGG': [5]}",{},2.5976639712488767,1.0
CHR1,2015,2283,"{'ACCC': [3], 'AAC': [6], 'CG': [7], 'CT': [12, 5, 3], 'TGG': [5]}",{},2.5976639712488767,1.0
CHR2,2693,2993,"{'TAT': [8], 'CA': [17, 7], 'AG': [7], 'AC': [10], 'GTCAT': [2], 'AAT': [2], 'CT': [8], 'CTTC': [2], 'TTG': [2]}",{},0.4551662174303683,1.0
CHR2,2693,2992,"{'TAT': [8], 'CA': [17, 7], 'AG': [7], 'AC': [10], 'GTCAT': [2], 'AAT': [2], 'CT': [8], 'CTTC': [2], 'TTG': [2]}",{},0.4551662174303683,1.0
CHR2,4018,4305,"{'ACA': [11], 'GC': [4], 'AAC': [9], 'AC': [20], 'CT': [10], 'AT': [17], 'TG': [7], 'CA': [7], 'TAA': [2], 'ACC': [2], 'TC': [3]}",{},0.03773584905660377,1.0
CHR2,4018,4304,"{'ACA': [11], 'GC': [4], 'AAC': [9], 'AC': [20], 'CT': [10], 'AT': [17], 'TG': [7], 'CA': [7], 'TAA': [2], 'ACC': [2], 'TC': [3]}",{},0.03773584905660377,1.0
CHR2,4740,5014,"{'AC': [17, 10], 'GA': [12], 'TTA': [5], 'CTGT': [2], 'GTAT': [2], 'ACA': [4], 'TC': [8], 'TA': [2]}",{},1.1974842767295597,1.0
CHR2,4747,5014,"{'GA': [12], 'TTA': [5], 'CTGT': [2], 'GTAT': [2], 'AC': [10], 'ACA': [4], 'TC': [8], 'TA': [2]}",{},1.1974842767295597,1.0
CHR2,4791,5090,"{'TTA': [7], 'CTGT': [3], 'GTAT': [2], 'AC': [13], 'ACA': [5], 'TC': [13], 'TA': [7]}",{},1.5964061096136568,1.0
CHR2,4791,5090,"{'TTA': [7], 'CTGT': [3], 'GTAT': [2], 'AC': [13], 'ACA': [5], 'TC': [13], 'TA': [7]}",{},1.5964061096136568,1.0
CHR2,4948,5239,"{'TC': [25], 'TA': [23], 'CA': [9], 'GAT': [3], 'ATT': [2], 'CTT': [2]}",{},2.0966756513926326,1.0
CHR2,4949,5239,"{'TC': [25], 'TA': [23], 'CA': [9], 'GAT': [3], 'ATT': [2], 'CTT': [2]}",{},2.0966756513926326,1.0
CHR1,4986,5226,"{'AG': [14, 3], 'CA': [15], 'TTA': [6], 'TAT': [4], 'CT': [5]}",{},0.24761904761904763,1.0
CHR1,4986,5227,"{'AG': [14, 3], 'CA': [15], 'TTA': [6], 'TAT': [4], 'CT': [5]}",{},0.24761904761904763,1.0
CHR2,5005,5277,"{'CA': [14], 'GAT': [3], 'ATT': [4], 'CTT': [3], 'TAA': [2], 'AT': [2], 'CACC': [2]}",{},1.2610961365678348,1.0
CHR2,4948,5239,"{'TC': [25], 'TA': [23], 'CA': [9], 'GAT': [3], 'ATT': [2], 'CTT': [2]}",{},2.0966756513926326,1.0
CHR2,4949,5239,"{'TC': [25], 'TA': [23], 'CA': [9], 'GAT': [3], 'ATT': [2], 'CTT': [2]}",{},2.0966756513926326,1.0
CHR2,5005,5278,"{'CA': [14], 'GAT': [3], 'ATT': [4], 'CTT': [3], 'TAA': [2], 'AT': [2], 'CACC': [2]}",{},1.2610961365678348,1.0
CHR1,5040,5337,"{'GA': [23], 'CA': [24], 'TTA': [10], 'TAT': [7], 'CT': [9], 'AG': [12, 2], 'AC': [9], 'TAA': [3], 'GT': [7, 4], 'ATC': [2], 'ATT': [3]}",{},0.5121293800539084,1.0
CHR1,4995,5290,"{'TGCT': [3], 'AG': [17, 6], 'CA': [19], 'TTA': [7], 'TAT': [5], 'CT': [9], 'AC': [5], 'TAA': [2], 'GT': [5, 2], 'ATC': [2]}",{},0.5683737646001796,1.0
CHR1,4995,5292,"{'TGCT': [3], 'AG': [17, 6], 'CA': [20], 'TTA': [7], 'TAT': [5], 'CT': [9], 'AC': [5], 'TAA': [2], 'GT': [5, 2], 'ATC': [2]}",{},0.5683737646001796,1.0
CHR1,5041,5337,"{'GA': [23], 'CA': [24], 'TTA': [10], 'TAT': [7], 'CT': [9], 'AG': [12, 2], 'AC': [9], 'TAA': [3], 'GT': [7, 4], 'ATC': [2], 'ATT': [3]}",{},0.5121293800539084,1.0
CHR2,5176,5396,"{'GAT': [5], 'ATT': [7], 'CTT': [8], 'TAA': [6], 'AT': [11], 'CACC': [2], 'TGTT': [3], 'GT': [2]}",{},0.8355795148247979,1.0
CHR2,5176,5393,"{'GAT': [5], 'ATT': [7], 'CTT': [8], 'TAA': [6], 'AT': [11], 'CACC': [2], 'TGTT': [2], 'GT': [2]}",{},0.8355795148247979,1.0
CHR1,5207,5420,"{'AG': [21, 11, 8], 'AC': [12], 'TAA': [6], 'GT': [10, 7], 'ATC': [4], 'ATT': [6], 'TC': [4]}",{},0.7536388140161725,1.0
CHR1,5206,5420,"{'AG': [21, 11, 8], 'AC': [12], 'TAA': [6], 'GT': [10, 7], 'ATC': [4], 'ATT': [6], 'TC': [4]}",{},0.7536388140161725,1.0
CHR1,5139,5420,"{'CT': [12], 'AG': [21, 11, 8], 'AC': [12], 'TAA': [6], 'GT': [10, 7], 'ATC': [4], 'ATT': [6], 'TC': [4]}",{},0.9261455525606469,1.0
CHR1,5139,5420,"{'CT': [12], 'AG': [21, 11, 8], 'AC': [12], 'TAA': [6], 'GT': [10, 7], 'ATC': [4], 'ATT': [6], 'TC': [4]}",{},0.9261455525606469,1.0
CHR2,5176,5417,"{'GAT': [5], 'ATT': [7], 'CTT': [8], 'TAA': [6], 'AT': [11], 'CACC': [2], 'TGTT': [3], 'GT': [2]}",{},1.2533692722371967,1.0
CHR2,5176,5419,"{'GAT': [5], 'ATT': [7], 'CTT': [8], 'TAA': [6], 'AT': [11], 'CACC': [2], 'TGTT': [3], 'GT': [2]}",{},1.2533692722371967,1.0
CHR2,5176,5476,"{'GAT': [5], 'ATT': [8], 'CTT': [10], 'TAA': [7], 'AT': [13], 'CACC': [2], 'TGTT': [3], 'GT': [4, 2], 'AG': [3]}",{},2.0808625336927222,1.0
CHR2,5176,5476,"{'GAT': [5], 'ATT': [8], 'CTT': [10], 'TAA': [7], 'AT': [13], 'CACC': [2], 'TGTT': [3], 'GT': [4, 2], 'AG': [3]}",{},2.0808625336927222,1.0
CHR2,5335,5610,"{'TGTT': [4], 'GT': [9, 7], 'AG': [23], 'CCTAGAA': [2], 'GA': [20], 'GAA': [6], 'GAG': [6]}",{},2.197817657350924,0.9056603773584906
CHR2,5335,5610,"{'TGTT': [4], 'GT': [9, 7], 'AG': [23], 'CCTAGAA': [2], 'GA': [20], 'GAA': [6], 'GAG': [6]}",{},2.197817657350924,0.9056603773584906
CHR2,5376,5610,"{'GT': [9, 7], 'AG': [23], 'CCTAGAA': [2], 'GA': [20], 'GAA': [6], 'GAG': [6]}",{},1.780027899938525,0.9056603773584906
CHR2,5335,5610,"{'TGTT': [4], 'GT': [9, 7], 'AG': [23], 'CCTAGAA': [2], 'GA': [20], 'GAA': [6], 'GAG': [6]}",{},2.197817657350924,0.9056603773584906
CHR2,5335,5610,"{'TGTT': [4], 'GT': [9, 7], 'AG': [23], 'CCTAGAA': [2], 'GA': [20], 'GAA': [6], 'GAG': [6]}",{},2.197817657350924,0.9056603773584906
CHR2,5373,5610,"{'GT': [9, 7], 'AG': [23], 'CCTAGAA': [2], 'GA': [20], 'GAA': [6], 'GAG': [6]}",{},1.780027899938525,0.9056603773584906
CHR1,5353,5653,"{'TC': [15], 'TA': [20], 'AAT': [7], 'AC': [3]}",{},0.828032345013477,0.9811320754716981
CHR1,5353,5653,"{'TC': [15], 'TA': [20], 'AAT': [7], 'AC': [3]}",{},0.828032345013477,0.9811320754716981
CHR1,5353,5649,"{'TC': [15], 'TA': [20], 'AAT': [7], 'AC': [3]}",{},0.828032345013477,0.9811320754716981
CHR1,5353,5649,"{'TC': [15], 'TA': [20], 'AAT': [7], 'AC': [3]}",{},0.828032345013477,0.9811320754716981
CHR1,5397,5679,"{'TA': [22], 'AAT': [7], 'AC': [4], 'GGGAGG': [2]}",{},0.4325247079964061,0.9811320754716981
CHR1,5397,5679,"{'TA': [22], 'AAT': [7], 'AC': [4], 'GGGAGG': [2]}",{},0.4325247079964061,0.9811320754716981
CHR1,5397,5679,"{'TA': [22], 'AAT': [7], 'AC': [4], 'GGGAGG': [2]}",{},0.4325247079964061,0.9811320754716981
CHR1,5397,5679,"{'TA': [22], 'AAT': [7], 'AC': [4], 'GGGAGG': [2]}",{},0.4325247079964061,0.9811320754716981
CHR1,5557,5795,"{'AC': [6], 'GGGAGG': [2], 'AG': [7, 4], 'TCT': [5], 'GCT': [2], 'TG': [3], 'CT': [3], 'CA': [3]}",{},0.11212938005390835,1.0
CHR1,5556,5795,"{'AC': [6], 'GGGAGG': [2], 'AG': [7, 4], 'TCT': [5], 'GCT': [2], 'TG': [3], 'CT': [3], 'CA': [3]}",{},0.11212938005390835,1.0
CHR1,5599,5894,"{'AC': [15], 'GGGAGG': [2], 'AG': [17, 14], 'TCT': [5], 'GCT': [3], 'TG': [6], 'CT': [6], 'CA': [14, 7], 'AT': [6, 3], 'AGCG': [4]}",{'CHR1:5843-5861': {'AGCG': [3]}},0.8389937106918239,1.0
CHR1,5599,5894,"{'AC': [15], 'GGGAGG': [2], 'AG': [17, 14], 'TCT': [5], 'GCT': [3], 'TG': [6], 'CT': [6], 'CA': [14, 7], 'AT': [6, 3], 'AGCG': [4]}",{'CHR1:5843-5861': {'AGCG': [3]}},0.8389937106918239,1.0
CHR1,5634,5892,"{'GGGAGG': [2], 'AG': [16, 13], 'TCT': [5], 'GCT': [3], 'TG': [6], 'CT': [6], 'CA': [14, 7], 'AT': [6, 3], 'AGCG': [4]}",{'CHR1:5843-5861': {'AGCG': [3]}},0.8389937106918239,1.0
CHR1,5634,5894,"{'GGGAGG': [2], 'AG': [17, 14], 'TCT': [5], 'GCT': [3], 'TG': [6], 'CT': [6], 'CA': [14, 7], 'AT': [6, 3], 'AGCG': [4]}",{'CHR1:5843-5861': {'AGCG': [3]}},0.8389937106918239,1.0
CHR2,5613,5912,"{'AGA': [7], 'AG': [14, 12], 'CT': [19, 17, 13], 'TAT': [6], 'ATGTC': [2], 'TAA': [7], 'AT': [9, 2], 'AAAT': [4], 'ACT': [2], 'TG': [3]}",{'CHR2:5870-5886': {'TAC': [2]}},1.7669362084456424,1.0
CHR2,5613,5911,"{'AGA': [7], 'AG': [14, 12], 'CT': [18, 16, 12], 'TAT': [6], 'ATGTC': [2], 'TAA': [7], 'AT': [9, 2], 'AAAT': [4], 'ACT': [2], 'TG': [3]}",{'CHR2:5870-5886': {'TAC': [2]}},1.7669362084456424,1.0
CHR1,5634,5894,"{'GGGAGG': [2], 'AG': [17, 14], 'TCT': [5], 'GCT': [3], 'TG': [6], 'CT': [6], 'CA': [14, 7], 'AT': [6, 3], 'AGCG': [4]}",{'CHR1:5843-5861': {'AGCG': [3]}},0.8389937106918239,1.0
CHR1,5634,5892,"{'GGGAGG': [2], 'AG': [16, 13], 'TCT': [5], 'GCT': [3], 'TG': [6], 'CT': [6], 'CA': [14, 7], 'AT': [6, 3], 'AGCG': [4]}",{'CHR1:5843-5861': {'AGCG': [3]}},0.8389937106918239,1.0
CHR1,5599,5894,"{'AC': [15], 'GGGAGG': [2], 'AG': [17, 14], 'TCT': [5], 'GCT': [3], 'TG': [6], 'CT': [6], 'CA': [14, 7], 'AT': [6, 3], 'AGCG': [4]}",{'CHR1:5843-5861': {'AGCG': [3]}},0.8389937106918239,1.0
CHR1,5599,5894,"{'AC': [15], 'GGGAGG': [2], 'AG': [17, 14], 'TCT': [5], 'GCT': [3], 'TG': [6], 'CT': [6], 'CA': [14, 7], 'AT': [6, 3], 'AGCG': [4]}",{'CHR1:5843-5861': {'AGCG': [3]}},0.8389937106918239,1.0
CHR2,5613,5911,"{'AGA': [7], 'AG': [14, 12], 'CT': [18, 16, 12], 'TAT': [6], 'ATGTC': [2], 'TAA': [7], 'AT': [9, 2], 'AAAT': [4], 'ACT': [2], 'TG': [3]}",{'CHR2:5870-5886': {'TAC': [2]}},1.7669362084456424,1.0
CHR2,5613,5912,"{'AGA': [7], 'AG': [14, 12], 'CT': [19, 17, 13], 'TAT': [6], 'ATGTC': [2], 'TAA': [7], 'AT': [9, 2], 'AAAT': [4], 'ACT': [2], 'TG': [3]}",{'CHR2:5870-5886': {'TAC': [2]}},1.7669362084456424,1.0
CHR2,5613,5911,"{'AGA': [7], 'AG': [14, 12], 'CT': [18, 16, 12], 'TAT': [6], 'ATGTC': [2], 'TAA': [7], 'AT': [9, 2], 'AAAT': [4], 'ACT': [2], 'TG': [3]}",{'CHR2:5870-5886': {'TAC': [2]}},1.7669362084456424,1.0
CHR2,5613,5912,"{'AGA': [7], 'AG': [14, 12], 'CT': [19, 17, 13], 'TAT': [6], 'ATGTC': [2], 'TAA': [7], 'AT': [9, 2], 'AAAT': [4], 'ACT': [2], 'TG': [3]}",{'CHR2:5870-5886': {'TAC': [2]}},1.7669362084456424,1.0
CHR1,5684,5959,"{'AG': [31, 28], 'TCT': [5], 'GCT': [3], 'TG': [11, 4], 'CT': [6], 'CA': [15, 8], 'AT': [11, 8], 'AGCG': [4], 'TAG': [2], 'GA': [13]}","{'CHR1:5843-5861': {'AGCG': [3]}, 'CHR1:5914-5934': {'GA': [13, 12, 15]}}",1.297035040431267,0.9622641509433962
CHR1,5752,5959,"{'GCT': [3], 'TG': [11, 4], 'CT': [6], 'CA': [15, 8], 'AT': [11, 8], 'AGCG': [4], 'TAG': [2], 'GA': [13]}","{'CHR1:5843-5861': {'AGCG': [3]}, 'CHR1:5914-5934': {'GA': [13, 12, 15]}}",1.2596585804132974,0.9622641509433962
CHR1,5683,5959,"{'AG': [31, 28], 'TCT': [5], 'GCT': [3], 'TG': [11, 4], 'CT': [6], 'CA': [15, 8], 'AT': [11, 8], 'AGCG': [4], 'TAG': [2], 'GA': [13]}","{'CHR1:5843-5861': {'AGCG': [3]}, 'CHR1:5914-5934': {'GA': [13, 12, 15]}}",1.297035040431267,0.9622641509433962
CHR1,5752,6043,"{'GCT': [5], 'TG': [21, 14], 'CT': [16], 'CA': [19, 12, 2], 'AT': [12, 9], 'AGCG': [4], 'TAG': [4], 'GA': [15], 'GT': [11], 'TC': [6], 'TGG': [3]}","{'CHR1:5843-5861': {'AGCG': [3]}, 'CHR1:5914-5934': {'GA': [13, 12, 15]}}",1.332973944294699,0.9622641509433962
CHR1,5752,6042,"{'GCT': [5], 'TG': [21, 14], 'CT': [16], 'CA': [19, 12, 2], 'AT': [12, 9], 'AGCG': [4], 'TAG': [4], 'GA': [15], 'GT': [10], 'TC': [6], 'TGG': [3]}","{'CHR1:5843-5861': {'AGCG': [3]}, 'CHR1:5914-5934': {'GA': [13, 12, 15]}}",1.332973944294699,0.9622641509433962
CHR1,5752,6043,"{'GCT': [5], 'TG': [21, 14], 'CT': [16], 'CA': [19, 12, 2], 'AT': [12, 9], 'AGCG': [4], 'TAG': [4], 'GA': [15], 'GT': [11], 'TC': [6], 'TGG': [3]}","{'CHR1:5843-5861': {'AGCG': [3]}, 'CHR1:5914-5934': {'GA': [13, 12, 15]}}",1.332973944294699,0.9622641509433962
CHR1,5752,6042,"{'GCT': [5], 'TG': [21, 14], 'CT': [16], 'CA': [19, 12, 2], 'AT': [12, 9], 'AGCG': [4], 'TAG': [4], 'GA': [15], 'GT': [10], 'TC': [6], 'TGG': [3]}","{'CHR1:5843-5861': {'AGCG': [3]}, 'CHR1:5914-5934': {'GA': [13, 12, 15]}}",1.332973944294699,0.9622641509433962
CHR1,5752,6043,"{'GCT': [5], 'TG': [21, 14], 'CT': [16], 'CA': [19, 12, 2], 'AT': [12, 9], 'AGCG': [4], 'TAG': [4], 'GA': [15], 'GT': [11], 'TC': [6], 'TGG': [3]}","{'CHR1:5843-5861': {'AGCG': [3]}, 'CHR1:5914-5934': {'GA': [13, 12, 15]}}",1.332973944294699,0.9622641509433962
CHR1,5874,6147,"{'TAG': [6], 'GA': [22, 7], 'TG': [17], 'GT': [13], 'TC': [15], 'CA': [9], 'TGG': [4], 'CTA': [3]}","{'CHR1:5914-5934': {'GA': [13, 12, 15]}}",0.9151841868823002,0.9622641509433962
CHR1,5872,6147,"{'TAG': [6], 'GA': [22, 7], 'TG': [17], 'GT': [13], 'TC': [15], 'CA': [9], 'TGG': [4], 'CTA': [3]}","{'CHR1:5914-5934': {'GA': [13, 12, 15]}}",0.9151841868823002,0.9622641509433962
CHR1,5874,6147,"{'TAG': [6], 'GA': [22, 7], 'TG': [17], 'GT': [13], 'TC': [15], 'CA': [9], 'TGG': [4], 'CTA': [3]}","{'CHR1:5914-5934': {'GA': [13, 12, 15]}}",0.9151841868823002,0.9622641509433962
CHR1,5872,6147,"{'TAG': [6], 'GA': [22, 7], 'TG': [17], 'GT': [13], 'TC': [15], 'CA': [9], 'TGG': [4], 'CTA': [3]}","{'CHR1:5914-5934': {'GA': [13, 12, 15]}}",0.9151841868823002,0.9622641509433962
CHR1,6023,6311,"{'TGG': [6], 'GA': [9], 'CTA': [9], 'TA': [19, 3], 'TTC': [3], 'TC': [8], 'TTA': [4], 'TAT': [3], 'CA': [4]}",{},1.0115004492362982,1.0
CHR1,6022,6311,"{'TGG': [6], 'GA': [9], 'CTA': [9], 'TA': [19, 3], 'TTC': [3], 'TC': [8], 'TTA': [4], 'TAT': [3], 'CA': [4]}",{},1.0115004492362982,1.0
CHR1,5961,6258,"{'GT': [16], 'TC': [24, 6], 'CA': [13], 'TGG': [6], 'GA': [8], 'CTA': [6], 'TA': [12], 'TTC': [2], 'TTA': [3]}",{},0.8749326145552561,1.0
CHR1,5961,6258,"{'GT': [16], 'TC': [24, 6], 'CA': [13], 'TGG': [6], 'GA': [8], 'CTA': [6], 'TA': [12], 'TTC': [2], 'TTA': [3]}",{},0.8749326145552561,1.0
CHR1,6023,6311,"{'TGG': [6], 'GA': [9], 'CTA': [9], 'TA': [19, 3], 'TTC': [3], 'TC': [8], 'TTA': [4], 'TAT': [3], 'CA': [4]}",{},1.0115004492362982,1.0
CHR1,6022,6311,"{'TGG': [6], 'GA': [9], 'CTA': [9], 'TA': [19, 3], 'TTC': [3], 'TC': [8], 'TTA': [4], 'TAT': [3], 'CA': [4]}",{},1.0115004492362982,1.0
CHR1,6023,6311,"{'TGG': [6], 'GA': [9], 'CTA': [9], 'TA': [19, 3], 'TTC': [3], 'TC': [8], 'TTA': [4], 'TAT': [3], 'CA': [4]}",{},1.0115004492362982,1.0
CHR1,6022,6311,"{'TGG': [6], 'GA': [9], 'CTA': [9], 'TA': [19, 3], 'TTC': [3], 'TC': [8], 'TTA': [4], 'TAT': [3], 'CA': [4]}",{},1.0115004492362982,1.0
CHR1,6743,7021,"{'TTA': [11], 'GA': [15], 'CT': [9, 4], 'GAT': [8], 'AG': [10], 'TA': [18, 7], 'TG': [13], 'ATT': [9], 'AT': [14], 'GT': [6], 'ATGTT': [2], 'CA': [2]}","{'CHR1:6815-6841': {'GAT': [2], 'AG': [3]}}",2.9439353099730456,1.0
CHR1,6743,7021,"{'TTA': [11], 'GA': [15], 'CT': [9, 4], 'GAT': [8], 'AG': [10], 'TA': [18, 7], 'TG': [13], 'ATT': [9], 'AT': [14], 'GT': [6], 'ATGTT': [2], 'CA': [2]}","{'CHR1:6815-6841': {'GAT': [2], 'AG': [3]}}",2.9439353099730456,1.0
CHR1,6743,7021,"{'TTA': [11], 'GA': [15], 'CT': [9, 4], 'GAT': [8], 'AG': [10], 'TA': [18, 7], 'TG': [13], 'ATT': [9], 'AT': [14], 'GT': [6], 'ATGTT': [2], 'CA': [2]}","{'CHR1:6815-6841': {'GAT': [2], 'AG': [3]}}",2.9439353099730456,1.0
CHR1,6743,7021,"{'TTA': [11], 'GA': [15], 'CT': [9, 4], 'GAT': [8], 'AG': [10], 'TA': [18, 7], 'TG': [13], 'ATT': [9], 'AT': [14], 'GT': [6], 'ATGTT': [2], 'CA': [2]}","{'CHR1:6815-6841': {'GAT': [2], 'AG': [3]}}",2.9439353099730456,1.0
CHR1,7025,7271,"{'TAG': [3], 'CAG': [3]}",{},1.1362084456424075,1.0
CHR1,7025,7268,"{'TAG': [3], 'CAG': [3]}",{},1.1362084456424075,1.0
CHR2,7220,7502,"{'GA': [21, 18], 'AG': [17], 'AT': [16], 'CCAT': [2], 'TCGG': [2], 'CA': [4]}",{},3.6499550763701705,1.0
CHR2,7220,7504,"{'GA': [22, 19], 'AG': [17], 'AT': [16], 'CCAT': [2], 'TCGG': [2], 'CA': [4]}",{},3.6499550763701705,1.0
CHR2,7220,7504,"{'GA': [22, 19], 'AG': [17], 'AT': [16], 'CCAT': [2], 'TCGG': [2], 'CA': [4]}",{},3.6499550763701705,1.0
CHR2,7220,7502,"{'GA': [21, 18], 'AG': [17], 'AT': [16], 'CCAT': [2], 'TCGG': [2], 'CA': [4]}",{},3.6499550763701705,1.0
CHR2,7339,7583,"{'CCAT': [2], 'TCGG': [2], 'CA': [6], 'AC': [4], 'CG': [4], 'GT': [5], 'TGG': [4], 'TTGG': [2]}",{},3.269541778975741,1.0
CHR2,7339,7583,"{'CCAT': [2], 'TCGG': [2], 'CA': [6], 'AC': [4], 'CG': [4], 'GT': [5], 'TGG': [4], 'TTGG': [2]}",{},3.269541778975741,1.0
CHR2,7448,7721,"{'TCGG': [2], 'CA': [11, 4], 'AC': [10], 'CG': [9], 'GT': [16, 6], 'TGG': [7], 'TTGG': [4], 'ATTTT': [3], 'GTT': [3]}",{},0.4628930817610063,1.0
CHR2,7448,7725,"{'TCGG': [2], 'CA': [12, 5], 'AC': [10], 'CG': [9], 'GT': [16, 6], 'TGG': [7], 'TTGG': [4], 'ATTTT': [3], 'GTT': [3]}",{},0.4628930817610063,1.0
CHR2,7484,7769,"{'CA': [15, 8], 'AC': [13], 'CG': [9], 'GT': [18, 8], 'TGG': [8], 'TTGG': [5], 'ATTTT': [3], 'GTT': [4], 'AT': [6], 'TA': [3]}",{},0.8806828391734052,1.0
CHR2,7482,7769,"{'CA': [15, 8], 'AC': [13], 'CG': [9], 'GT': [18, 8], 'TGG': [8], 'TTGG': [5], 'ATTTT': [3], 'GTT': [4], 'AT': [6], 'TA': [3]}",{},0.8806828391734052,1.0
CHR2,7563,7809,"{'TGG': [8], 'TTGG': [5], 'CA': [9], 'GT': [10], 'ATTTT': [3], 'GTT': [5], 'AT': [6], 'TA': [7]}",{},1.2799640610961365,1.0
CHR2,7563,7863,"{'TGG': [9], 'TTGG': [5], 'CA': [14, 5], 'GT': [11], 'ATTTT': [3], 'GTT': [5], 'AT': [13, 6], 'TA': [12], 'TG': [2]}",{},1.2799640610961365,1.0
CHR2,7563,7863,"{'TGG': [9], 'TTGG': [5], 'CA': [14, 5], 'GT': [11], 'ATTTT': [3], 'GTT': [5], 'AT': [13, 6], 'TA': [12], 'TG': [2]}",{},1.2799640610961365,1.0
CHR2,7563,7862,"{'TGG': [9], 'TTGG': [5], 'CA': [14, 5], 'GT': [11], 'ATTTT': [3], 'GTT': [5], 'AT': [13, 6], 'TA': [12], 'TG': [2]}",{},1.2799640610961365,1.0
CHR2,7748,7968,"{'AT': [9], 'CA': [20, 15], 'TG': [6], 'ACTC': [3], 'AC': [5], 'CT': [2]}",{},1.309613656783468,1.0
CHR2,7748,7967,"{'AT': [9], 'CA': [19, 14], 'TG': [6], 'ACTC': [3], 'AC': [5], 'CT': [2]}",{},1.309613656783468,1.0
CHR2,7698,7968,"{'AT': [16, 9], 'TA': [15], 'CA': [20, 15], 'TG': [6], 'ACTC': [3], 'AC': [5], 'CT': [2]}",{},1.727403414195867,1.0
CHR2,7698,7967,"{'AT': [16, 9], 'TA': [15], 'CA': [19, 14], 'TG': [6], 'ACTC': [3], 'AC': [5], 'CT': [2]}",{},1.727403414195867,1.0
CHR2,7790,8015,"{'AT': [13, 4], 'CA': [21, 16], 'TG': [9], 'ACTC': [3], 'AC': [8], 'CT': [6], 'GCTA': [2]}",{},1.7085354896675653,1.0
CHR2,7790,8008,"{'AT': [12, 3], 'CA': [21, 16], 'TG': [8], 'ACTC': [3], 'AC': [8], 'CT': [6]}",{},1.7085354896675653,1.0
CHR2,7748,8015,"{'AT': [13, 4], 'CA': [21, 16], 'TG': [9], 'ACTC': [3], 'AC': [8], 'CT': [6], 'GCTA': [2]}",{},2.1451931716082657,1.0
CHR2,7748,8008,"{'AT': [12, 3], 'CA': [21, 16], 'TG': [8], 'ACTC': [3], 'AC': [8], 'CT': [6]}",{},2.1451931716082657,1.0
CHR2,7704,8004,"{'AT': [19, 12, 3], 'TA': [19], 'CA': [21, 16], 'TG': [8], 'ACTC': [3], 'AC': [8], 'CT': [5]}",{},2.5629829290206647,1.0
CHR2,7789,8063,"{'AT': [18, 9, 4], 'CA': [26, 21, 4], 'TG': [11], 'ACTC': [4], 'AC': [12], 'CT': [10, 2], 'GCTA': [2]}",{},2.1637017070979336,1.0
CHR2,7790,8063,"{'AT': [18, 9, 4], 'CA': [26, 21, 4], 'TG': [11], 'ACTC': [4], 'AC': [12], 'CT': [10, 2], 'GCTA': [2]}",{},2.1637017070979336,1.0
CHR2,7843,8108,"{'TG': [15, 4], 'CA': [28, 11, 7], 'ACTC': [4], 'AC': [15], 'CT': [12, 4], 'AT': [13, 8], 'GCTA': [2], 'CAT': [2], 'AG': [3]}",{},3.1426774483378264,1.0
CHR2,7846,8108,"{'TG': [15, 4], 'CA': [28, 11, 7], 'ACTC': [4], 'AC': [15], 'CT': [12, 4], 'AT': [13, 8], 'GCTA': [2], 'CAT': [2], 'AG': [3]}",{},3.1426774483378264,1.0
CHR2,7843,8108,"{'TG': [15, 4], 'CA': [28, 11, 7], 'ACTC': [4], 'AC': [15], 'CT': [12, 4], 'AT': [13, 8], 'GCTA': [2], 'CAT': [2], 'AG': [3]}",{},3.1426774483378264,1.0
CHR2,7846,8108,"{'TG': [15, 4], 'CA': [28, 11, 7], 'ACTC': [4], 'AC': [15], 'CT': [12, 4], 'AT': [13, 8], 'GCTA': [2], 'CAT': [2], 'AG': [3]}",{},3.1426774483378264,1.0
CHR2,7854,8153,"{'CA': [32, 15, 11, 4], 'ACTC': [4], 'AC': [18], 'CT': [14, 6], 'AT': [17, 12], 'GCTA': [2], 'TG': [7], 'CAT': [4], 'AG': [4], 'TGT': [2]}",{},3.3827493261455532,1.0
CHR2,7948,8198,"{'CT': [18, 10], 'AT': [20, 15], 'GCTA': [2], 'CA': [16, 12, 5], 'TG': [11], 'CAT': [5], 'AG': [5], 'TGT': [2]}",{},2.9275831087151847,1.0
CHR2,7948,8211,"{'CT': [18, 10], 'AT': [21, 16], 'GCTA': [2], 'CA': [17, 13, 6], 'TG': [13], 'CAT': [6], 'AG': [5], 'TGT': [2]}",{},2.9275831087151847,1.0
CHR2,7882,8182,"{'ACTC': [4], 'AC': [19], 'CT': [18, 10], 'AT': [20, 15], 'GCTA': [2], 'CA': [16, 12, 5], 'TG': [9], 'CAT': [5], 'AG': [4], 'TGT': [2]}",{},3.3827493261455532,1.0
CHR2,7886,8182,"{'ACTC': [4], 'AC': [19], 'CT': [18, 10], 'AT': [20, 15], 'GCTA': [2], 'CA': [16, 12, 5], 'TG': [9], 'CAT': [5], 'AG': [4], 'TGT': [2]}",{},3.3827493261455532,1.0
CHR2,7855,8153,"{'CA': [32, 15, 11, 4], 'ACTC': [4], 'AC': [18], 'CT': [14, 6], 'AT': [17, 12], 'GCTA': [2], 'TG': [7], 'CAT': [4], 'AG': [4], 'TGT': [2]}",{},3.3827493261455532,1.0
CHR2,7886,8182,"{'ACTC': [4], 'AC': [19], 'CT': [18, 10], 'AT': [20, 15], 'GCTA': [2], 'CA': [16, 12, 5], 'TG': [9], 'CAT': [5], 'AG': [4], 'TGT': [2]}",{},3.3827493261455532,1.0
CHR2,7882,8182,"{'ACTC': [4], 'AC': [19], 'CT': [18, 10], 'AT': [20, 15], 'GCTA': [2], 'CA': [16, 12, 5], 'TG': [9], 'CAT': [5], 'AG': [4], 'TGT': [2]}",{},3.3827493261455532,1.0
CHR2,7948,8198,"{'CT': [18, 10], 'AT': [20, 15], 'GCTA': [2], 'CA': [16, 12, 5], 'TG': [11], 'CAT': [5], 'AG': [5], 'TGT': [2]}",{},2.9275831087151847,1.0
CHR2,7948,8211,"{'CT': [18, 10], 'AT': [21, 16], 'GCTA': [2], 'CA': [17, 13, 6], 'TG': [13], 'CAT': [6], 'AG': [5], 'TGT': [2]}",{},2.9275831087151847,1.0
CHR2,8086,8355,"{'CAT': [9], 'AG': [8], 'CA': [15], 'TGT': [9], 'GT': [12, 7, 3], 'TG': [12], 'GA': [4]}",{},1.5054806828391734,1.0
CHR2,8086,8355,"{'CAT': [9], 'AG': [8], 'CA': [15], 'TGT': [9], 'GT': [12, 7, 3], 'TG': [12], 'GA': [4]}",{},1.5054806828391734,1.0
CHR2,8086,8355,"{'CAT': [9], 'AG': [8], 'CA': [15], 'TGT': [9], 'GT': [12, 7, 3], 'TG': [12], 'GA': [4]}",{},1.5054806828391734,1.0
CHR2,8086,8355,"{'CAT': [9], 'AG': [8], 'CA': [15], 'TGT': [9], 'GT': [12, 7, 3], 'TG': [12], 'GA': [4]}",{},1.5054806828391734,1.0
CHR2,8040,8339,"{'CA': [25, 21, 14], 'CT': [17], 'TG': [28, 11], 'CAT': [9], 'AG': [7], 'TGT': [8], 'GT': [9, 4], 'GA': [3]}",{},2.4844564240790654,1.0
CHR2,8039,8339,"{'CA': [25, 21, 14], 'CT': [17], 'TG': [28, 11], 'CAT': [9], 'AG': [7], 'TGT': [8], 'GT': [9, 4], 'GA': [3]}",{},2.4844564240790654,1.0
CHR2,8129,8409,"{'GT': [19, 14, 10, 7, 5, 3], 'TG': [18], 'GA': [7], 'CA': [3], 'AC': [3], 'AT': [3]}",{},1.6831985624438452,1.0
CHR2,8129,8407,"{'GT': [19, 14, 10, 7, 5, 3], 'TG': [18], 'GA': [7], 'CA': [3], 'AC': [3], 'AT': [3]}",{},1.6831985624438452,1.0
CHR2,8257,8521,"{'TG': [28], 'GT': [19, 15, 12, 10, 8, 5], 'GA': [14], 'CA': [11], 'AC': [10], 'AT': [19], 'AATA': [2], 'CTC': [2], 'TA': [6]}",{},2.127583108715184,1.0
CHR2,8259,8521,"{'TG': [28], 'GT': [19, 15, 12, 10, 8, 5], 'GA': [14], 'CA': [11], 'AC': [10], 'AT': [19], 'AATA': [2], 'CTC': [2], 'TA': [6]}",{},2.127583108715184,1.0
CHR2,8276,8575,"{'GA': [16], 'GT': [16, 13, 11, 9, 6], 'CA': [15], 'AC': [13], 'AT': [26], 'AATA': [3], 'CTC': [2], 'TA': [13], 'TAAT': [2]}",{},2.580413297394429,1.0
CHR2,8276,8575,"{'GA': [16], 'GT': [16, 13, 11, 9, 6], 'CA': [15], 'AC': [13], 'AT': [26], 'AATA': [3], 'CTC': [2], 'TA': [13], 'TAAT': [2]}",{},2.580413297394429,1.0
CHR2,8390,8690,"{'GT': [11, 8], 'AATA': [5], 'CTC': [3], 'TA': [19], 'TAAT': [2], 'AAG': [3], 'GA': [5], 'TAGCT': [2], 'TC': [2]}",{},1.3338724168912848,1.0
CHR2,8391,8690,"{'GT': [11, 8], 'AATA': [5], 'CTC': [3], 'TA': [19], 'TAAT': [2], 'AAG': [3], 'GA': [5], 'TAGCT': [2], 'TC': [2]}",{},1.3338724168912848,1.0
CHR2,8353,8650,"{'GT': [15, 13, 11, 8], 'CA': [20], 'AC': [17], 'AT': [34], 'AATA': [4], 'CTC': [2], 'TA': [16], 'TAAT': [2], 'AAG': [3], 'GA': [4]}",{},1.7516621743036833,1.0
CHR2,8332,8610,"{'GT': [17, 14, 12, 10, 7], 'CA': [17], 'AC': [13], 'AT': [31], 'AATA': [4], 'CTC': [2], 'TA': [14], 'TAAT': [2], 'AAG': [2]}",{},1.7516621743036833,1.0
CHR2,9422,9722,"{'AAG': [8], 'TA': [27, 23], 'AAT': [15], 'AT': [24, 6], 'GA': [5]}",{},2.740700808625337,1.0
CHR2,9422,9722,"{'AAG': [8], 'TA': [27, 23], 'AAT': [15], 'AT': [24, 6], 'GA': [5]}",{},2.740700808625337,1.0
CHR2,9422,9722,"{'AAG': [8], 'TA': [27, 23], 'AAT': [15], 'AT': [24, 6], 'GA': [5]}",{},2.740700808625337,1.0
CHR2,9422,9722,"{'AAG': [8], 'TA': [27, 23], 'AAT': [15], 'AT': [24, 6], 'GA': [5]}",{},2.740700808625337,1.0
CHR2,9700,9935,"{'AT': [18], 'TCGA': [2], 'CT': [9], 'TA': [11], 'GGA': [4], 'TAT': [3]}",{},3.790296495956873,1.0
CHR2,9701,9935,"{'AT': [18], 'TCGA': [2], 'CT': [9], 'TA': [11], 'GGA': [4], 'TAT': [3]}",{},3.790296495956873,1.0
CHR2,9700,9935,"{'AT': [18], 'TCGA': [2], 'CT': [9], 'TA': [11], 'GGA': [4], 'TAT': [3]}",{},3.790296495956873,1.0
CHR2,9701,9935,"{'AT': [18], 'TCGA': [2], 'CT': [9], 'TA': [11], 'GGA': [4], 'TAT': [3]}",{},3.790296495956873,1.0
CHR2,9700,9966,"{'AT': [21, 3], 'TCGA': [3], 'CT': [11], 'TA': [13], 'GGA': [4], 'TAT': [5], 'GAA': [2], 'GA': [2], 'CA': [2]}",{},4.208086253369272,1.0
CHR2,9700,9966,"{'AT': [21, 3], 'TCGA': [3], 'CT': [11], 'TA': [13], 'GGA': [4], 'TAT': [5], 'GAA': [2], 'GA': [2], 'CA': [2]}",{},4.208086253369272,1.0
CHR2,9700,9994,"{'AT': [22, 4], 'TCGA': [3], 'CT': [14], 'TA': [14], 'GGA': [4], 'TAT': [5], 'GAA': [2], 'GA': [2], 'CA': [6]}",{},4.448158131176999,1.0
CHR2,9700,9995,"{'AT': [22, 4], 'TCGA': [3], 'CT': [14], 'TA': [14], 'GGA': [4], 'TAT': [5], 'GAA': [2], 'GA': [2], 'CA': [6]}",{},4.448158131176999,1.0
